Team,Median of Age,Mean of Age,Std of Age,Median of Matches Played,Mean of Matches Played,Std of Matches Played,Median of Starts,Mean of Starts,Std of Starts,Median of Minutes,Mean of Minutes,Std of Minutes,Median of Goals,Mean of Goals,Std of Goals,Median of Assists,Mean of Assists,Std of Assists,Median of Yellow Cards,Mean of Yellow Cards,Std of Yellow Cards,Median of Red Cards,Mean of Red Cards,Std of Red Cards,Median of xG,Mean of xG,Std of xG,Median of xAG,Mean of xAG,Std of xAG,Median of PrgC,Mean of PrgC,Std of PrgC,Median of PrgP,Mean of PrgP,Std of PrgP,Median of PrgR,Mean of PrgR,Std of PrgR,Median of Gls90,Mean of Gls90,Std of Gls90,Median of Ast90,Mean of Ast90,Std of Ast90,Median of xG90,Mean of xG90,Std of xG90,Median of xAG90,Mean of xAG90,Std of xAG90,Median of GA90,Mean of GA90,Std of GA90,Median of Save%,Mean of Save%,Std of Save%,Median of CS%,Mean of CS%,Std of CS%,Median of PK Save%,Mean of PK Save%,Std of PK Save%,Median of SoT%,Mean of SoT%,Std of SoT%,Median of SoT/90,Mean of SoT/90,Std of SoT/90,Median of G/Sh,Mean of G/Sh,Std of G/Sh,Median of Dist,Mean of Dist,Std of Dist,Median of Cmp,Mean of Cmp,Std of Cmp,Median of Cmp%,Mean of Cmp%,Std of Cmp%,Median of TotDist,Mean of TotDist,Std of TotDist,Median of Cmp% (Short),Mean of Cmp% (Short),Std of Cmp% (Short),Median of Cmp% (Medium),Mean of Cmp% (Medium),Std of Cmp% (Medium),Median of Cmp% (Long),Mean of Cmp% (Long),Std of Cmp% (Long),Median of KP,Mean of KP,Std of KP,Median of Passes 1/3,Mean of Passes 1/3,Std of Passes 1/3,Median of PPA,Mean of PPA,Std of PPA,Median of CrsPA,Mean of CrsPA,Std of CrsPA,Median of SCA,Mean of SCA,Std of SCA,Median of SCA90,Mean of SCA90,Std of SCA90,Median of GCA,Mean of GCA,Std of GCA,Median of GCA90,Mean of GCA90,Std of GCA90,Median of Tkl,Mean of Tkl,Std of Tkl,Median of TklW,Mean of TklW,Std of TklW,Median of Att,Mean of Att,Std of Att,Median of Challenges Lost,Mean of Challenges Lost,Std of Challenges Lost,Median of Blocks,Mean of Blocks,Std of Blocks,Median of Sh,Mean of Sh,Std of Sh,Median of Pass,Mean of Pass,Std of Pass,Median of Int,Mean of Int,Std of Int,Median of Touches,Mean of Touches,Std of Touches,Median of Def Pen,Mean of Def Pen,Std of Def Pen,Median of Def 3rd,Mean of Def 3rd,Std of Def 3rd,Median of Mid 3rd,Mean of Mid 3rd,Std of Mid 3rd,Median of Att 3rd,Mean of Att 3rd,Std of Att 3rd,Median of Att Pen,Mean of Att Pen,Std of Att Pen,Median of Att (TO),Mean of Att (TO),Std of Att (TO),Median of Succ%,Mean of Succ%,Std of Succ%,Median of Tkld%,Mean of Tkld%,Std of Tkld%,Median of Carries,Mean of Carries,Std of Carries,Median of ProDist,Mean of ProDist,Std of ProDist,Median of ProgC,Mean of ProgC,Std of ProgC,Median of Carries 1/3,Mean of Carries 1/3,Std of Carries 1/3,Median of CPA,Mean of CPA,Std of CPA,Median of Mis,Mean of Mis,Std of Mis,Median of Dis,Mean of Dis,Std of Dis,Median of Rec,Mean of Rec,Std of Rec,Median of Fls,Mean of Fls,Std of Fls,Median of Fld,Mean of Fld,Std of Fld,Median of Off,Mean of Off,Std of Off,Median of Crs,Mean of Crs,Std of Crs,Median of Recov,Mean of Recov,Std of Recov,Median of Won,Mean of Won,Std of Won,Median of Aerials Lost,Mean of Aerials Lost,Std of Aerials Lost,Median of Won%,Mean of Won%,Std of Won%
West Ham,28.348,28.627,5.015,20.0,21.56,8.53,14.0,15.4,10.863,1070.0,1381.52,914.389,0.0,1.48,2.6,1.0,0.96,1.513,2.0,2.96,2.653,0.0,0.12,0.332,1.2,1.776,2.255,1.1,1.26,1.404,11.0,22.92,30.37,31.0,45.0,41.312,25.0,44.64,57.791,0.0,0.084,0.125,0.03,0.074,0.136,0.07,0.137,0.159,0.08,0.101,0.097,0.0,0.135,0.467,0.0,5.5,19.111,0.0,1.364,4.722,0.0,0.0,0.0,25.0,21.888,14.909,0.23,0.384,0.409,0.0,0.043,0.061,15.7,16.368,7.275,517.0,533.44,408.435,79.9,78.42,7.805,8610.0,9381.76,7369.593,89.7,88.676,6.968,85.6,83.252,10.625,53.7,54.144,15.906,9.0,12.2,12.383,37.0,39.32,33.534,4.0,10.0,12.695,1.0,2.6,3.582,19.0,30.16,30.765,2.31,2.191,1.484,1.0,2.28,3.195,0.1,0.134,0.166,17.0,23.6,20.817,11.0,14.0,12.329,21.0,19.68,15.692,8.0,9.24,7.742,14.0,16.64,13.41,4.0,6.28,8.229,9.0,10.36,8.041,8.0,12.24,14.774,668.0,830.56,599.243,39.0,107.88,177.888,196.0,304.12,314.953,366.0,355.88,288.751,118.0,178.52,184.734,23.0,30.88,38.86,11.0,28.8,45.469,45.2,47.424,22.381,45.5,37.236,21.969,321.0,421.8,318.088,714.0,1077.4,937.068,11.0,22.92,30.37,10.0,14.56,16.618,2.0,6.48,13.166,12.0,18.28,19.688,6.0,14.68,22.254,459.0,529.56,390.622,15.0,16.28,14.261,11.0,15.12,17.678,1.0,2.8,4.282,13.0,22.4,27.52,43.0,57.16,47.968,10.0,21.68,27.425,12.0,20.84,19.484,50.0,51.14,16.743
Southampton,26.986,26.985,4.226,20.0,18.655,10.379,13.0,13.241,9.84,1178.0,1184.31,856.237,0.0,0.828,1.071,0.0,0.517,0.829,2.0,2.862,2.949,0.0,0.103,0.409,0.5,1.072,1.388,0.5,0.81,0.922,10.0,20.621,26.91,24.0,36.448,39.458,20.0,35.345,38.706,0.0,0.051,0.076,0.0,0.043,0.097,0.04,0.078,0.09,0.03,0.054,0.059,0.0,0.249,0.748,0.0,6.979,20.922,0.0,0.255,1.374,0.0,0.986,5.311,25.0,22.317,22.823,0.14,0.216,0.287,0.0,0.061,0.093,17.0,14.924,8.287,257.0,499.793,481.214,80.2,80.852,8.161,4218.0,8476.621,8576.583,90.9,89.597,7.082,89.5,85.362,10.849,55.2,51.845,19.552,5.0,8.828,9.449,13.0,32.241,39.484,5.0,7.0,7.764,1.0,1.862,2.601,15.0,20.034,20.125,1.37,1.406,0.852,1.0,1.379,1.879,0.06,0.108,0.14,13.0,20.414,19.729,7.0,11.828,11.314,13.0,18.241,14.495,10.0,9.379,7.017,8.0,13.379,14.915,2.0,5.897,9.135,5.0,7.483,8.003,5.0,9.621,12.263,457.0,726.793,636.273,42.0,93.655,170.639,161.0,265.345,322.226,198.0,313.414,308.402,131.0,154.345,149.286,15.0,21.862,20.865,6.0,22.828,32.382,42.3,42.483,29.84,42.4,38.452,29.429,253.0,406.897,363.255,599.0,1101.345,1119.563,10.0,20.621,26.91,9.0,15.241,18.795,1.0,5.103,7.589,10.0,14.931,15.028,5.0,11.138,13.765,349.0,494.345,436.349,12.0,14.759,13.429,8.0,13.655,15.765,0.0,1.517,2.627,6.0,17.621,26.859,23.0,46.0,44.261,8.0,14.621,20.917,8.0,12.655,13.743,54.5,54.452,22.802
Everton,26.543,27.984,5.032,24.0,22.409,9.287,15.0,17.455,10.649,1357.5,1565.227,904.269,1.0,1.5,2.133,1.0,1.0,1.113,3.0,3.409,2.175,0.0,0.091,0.294,1.1,1.7,2.019,1.05,1.3,1.108,12.0,20.318,20.502,40.0,43.5,35.401,24.0,42.545,40.943,0.04,0.094,0.131,0.035,0.075,0.099,0.05,0.111,0.123,0.055,0.08,0.07,0.0,0.056,0.262,0.0,3.232,15.159,0.0,1.3,6.098,0.0,4.545,21.32,33.35,29.636,24.549,0.18,0.32,0.366,0.02,0.075,0.106,16.55,15.559,7.208,428.5,465.136,348.869,73.8,70.986,17.686,7396.5,8791.273,7939.766,86.45,81.455,19.685,82.45,76.286,20.79,53.8,54.686,19.316,8.0,11.818,10.14,36.5,41.182,35.647,8.0,10.045,10.335,1.0,3.682,5.419,24.5,28.227,20.34,1.655,1.698,1.041,2.0,2.364,2.128,0.1,0.152,0.148,26.0,30.364,28.698,14.5,17.818,17.275,23.5,26.909,22.914,8.5,12.955,11.611,13.0,16.091,14.596,3.0,5.818,9.414,7.5,10.273,8.8,9.5,13.682,13.218,746.5,794.5,529.078,31.0,101.045,218.042,170.0,286.455,362.242,301.5,321.409,242.59,180.5,194.864,150.166,19.0,29.409,26.638,18.0,26.318,30.406,43.0,42.195,22.374,45.0,41.864,22.394,377.5,388.182,257.098,761.5,1027.727,843.328,12.0,19.636,20.932,10.0,14.455,11.979,2.0,5.0,7.151,12.5,21.091,20.706,11.0,15.818,14.641,439.5,459.5,287.87,15.0,17.864,14.021,14.0,15.227,12.969,1.0,3.455,6.33,6.5,28.273,37.027,56.0,62.136,48.44,10.5,24.909,29.66,15.0,23.227,23.89,48.8,45.318,21.229
Manchester City,26.698,27.006,4.914,23.0,19.88,8.974,17.0,15.36,8.626,1494.0,1381.36,766.282,1.0,2.64,4.415,0.0,1.92,2.565,2.0,2.32,1.749,0.0,0.04,0.2,1.3,2.52,4.175,1.5,2.028,2.249,35.0,41.64,45.442,64.0,70.28,60.422,26.0,69.6,78.218,0.06,0.178,0.246,0.0,0.102,0.141,0.07,0.161,0.218,0.07,0.116,0.122,0.0,0.103,0.36,0.0,5.46,18.898,0.0,2.392,8.399,0.0,0.0,0.0,29.7,27.676,22.391,0.33,0.464,0.514,0.08,0.117,0.202,16.3,14.984,7.238,676.0,793.52,591.899,87.7,86.504,6.957,10078.0,12871.28,9746.229,94.4,92.128,6.126,91.9,89.516,7.834,64.3,59.776,12.409,9.0,17.24,16.846,42.0,62.0,64.945,11.0,15.88,16.203,1.0,2.32,3.172,33.0,39.76,33.935,2.08,2.384,1.746,3.0,4.64,4.554,0.26,0.276,0.238,15.0,18.44,17.059,7.0,11.2,10.89,13.0,16.88,15.738,6.0,8.84,8.547,11.0,12.44,9.601,1.0,3.28,4.818,9.0,9.16,7.099,5.0,8.2,8.583,892.0,1033.8,699.041,39.0,78.52,139.291,197.0,241.56,242.91,331.0,447.28,395.867,324.0,353.4,278.855,22.0,48.52,51.76,21.0,29.68,41.022,44.8,44.064,28.556,35.1,34.556,24.924,590.0,664.68,466.345,1714.0,2051.96,1583.709,35.0,41.64,45.442,23.0,31.16,27.549,3.0,14.48,23.369,14.0,17.4,15.124,13.0,14.88,14.51,630.0,783.04,543.799,11.0,10.64,8.185,12.0,13.88,11.472,0.0,1.68,2.462,8.0,23.6,32.248,46.0,53.0,35.29,5.0,11.12,13.489,8.0,11.96,11.119,47.3,45.18,20.94
Leicester City,26.76,27.227,4.462,21.5,20.231,9.717,15.0,14.808,9.968,1408.0,1329.192,824.506,0.0,1.115,2.007,0.0,0.846,1.19,2.0,3.115,2.643,0.0,0.0,0.0,0.4,1.185,2.172,0.4,0.919,1.141,15.0,21.038,22.976,30.5,38.846,34.959,20.0,38.269,40.639,0.0,0.061,0.098,0.0,0.057,0.086,0.045,0.068,0.086,0.025,0.067,0.081,0.0,0.304,0.923,0.0,6.377,18.396,0.0,0.692,2.869,0.0,0.962,4.903,26.8,27.873,25.179,0.18,0.255,0.274,0.0,0.042,0.067,16.05,14.346,8.906,424.0,486.115,383.537,77.7,75.308,17.472,6483.0,8177.0,6627.497,89.05,85.454,18.77,83.0,81.554,18.821,53.2,53.562,20.582,6.0,8.5,9.437,24.0,33.962,32.362,4.5,7.231,8.529,0.5,2.192,3.93,13.5,19.538,19.018,1.255,1.278,1.002,1.0,1.846,2.395,0.065,0.119,0.145,20.5,24.923,22.87,11.0,14.577,13.848,17.5,23.923,22.221,9.5,12.308,12.129,15.0,17.115,14.426,4.0,6.769,8.199,7.5,10.346,8.85,7.5,11.308,12.129,724.0,749.192,545.093,34.0,100.769,167.918,149.0,280.538,287.75,318.0,339.923,286.916,96.5,135.308,134.942,12.5,20.538,24.384,10.5,20.615,26.371,40.3,38.708,30.545,46.3,42.635,29.021,393.0,424.538,299.385,1042.0,1047.769,777.798,13.0,19.423,22.919,7.0,12.0,12.149,2.0,4.692,6.298,12.0,15.269,14.418,7.0,10.308,12.406,436.5,477.038,343.87,12.0,13.346,10.818,10.5,11.615,9.884,0.5,2.038,4.87,6.5,20.423,27.391,39.0,49.654,38.444,10.5,16.654,17.027,14.5,17.962,16.868,49.5,43.965,24.813
Bournemouth,26.011,26.481,3.84,26.0,22.217,10.18,17.0,16.696,11.632,1670.0,1494.609,1004.394,1.0,2.348,3.588,1.0,1.696,2.055,3.0,3.87,3.079,0.0,0.087,0.288,1.1,2.683,3.577,1.1,1.809,1.874,19.0,29.87,34.653,43.0,58.478,52.052,31.0,57.652,71.612,0.03,0.135,0.18,0.04,0.1,0.115,0.08,0.181,0.202,0.1,0.128,0.149,0.0,0.141,0.376,0.0,10.435,27.583,0.0,1.957,6.526,0.0,0.0,0.0,28.6,21.757,17.729,0.15,0.538,0.65,0.06,0.052,0.057,14.8,13.743,6.794,436.0,504.783,408.761,74.3,73.93,6.576,7088.0,9147.957,7897.392,88.0,86.843,7.09,78.3,81.622,10.802,47.8,46.661,17.888,11.0,17.783,16.558,37.0,48.217,47.725,7.0,13.217,13.869,2.0,4.043,5.531,28.0,40.783,36.346,2.35,2.572,1.868,2.0,3.957,4.194,0.21,0.228,0.207,21.0,27.957,23.434,10.0,16.13,14.508,25.0,25.609,21.311,13.0,13.565,10.71,16.0,18.826,16.694,3.0,5.739,7.263,8.0,13.087,12.642,10.0,14.391,15.623,783.0,852.478,626.549,44.0,90.261,153.466,159.0,257.304,280.449,316.0,365.957,322.882,133.0,239.739,238.204,19.0,39.522,48.082,16.0,27.087,32.486,40.0,37.591,23.256,41.6,37.243,23.128,483.0,458.348,342.499,1183.0,1442.087,1300.399,19.0,29.87,34.653,17.0,21.087,20.427,1.0,9.087,16.028,18.0,23.522,21.606,8.0,14.087,17.223,435.0,499.696,370.477,16.0,20.522,17.985,10.0,15.609,13.895,0.0,2.739,5.074,10.0,32.957,41.372,59.0,73.217,57.254,20.0,23.174,21.296,22.0,24.609,20.98,46.0,48.0,20.801
Brighton,24.534,26.048,5.171,21.0,19.536,10.035,10.0,13.75,10.127,929.5,1233.821,890.993,1.0,1.964,3.0,1.0,1.321,1.611,2.0,2.679,2.597,0.0,0.107,0.315,0.75,1.911,2.644,1.0,1.321,1.399,18.5,26.357,30.014,40.0,49.786,50.208,27.0,49.464,62.594,0.045,0.121,0.149,0.035,0.092,0.131,0.09,0.129,0.119,0.085,0.102,0.078,0.0,0.078,0.326,0.0,4.989,18.373,0.0,2.436,9.935,0.0,0.0,0.0,27.4,25.396,23.114,0.225,0.302,0.309,0.04,0.07,0.089,15.4,14.764,7.106,343.0,512.143,494.044,80.55,74.325,22.341,4862.0,8729.0,9355.55,90.3,83.55,24.312,82.1,76.079,23.845,52.55,52.343,19.72,9.5,11.607,10.344,23.0,38.143,48.976,7.5,10.786,10.633,1.0,2.821,3.84,24.0,29.393,24.249,2.505,2.286,1.346,3.0,3.536,3.012,0.285,0.298,0.275,16.5,22.5,19.916,10.0,13.714,12.205,18.0,22.607,18.998,9.0,11.536,9.367,12.0,14.25,12.453,2.0,3.964,5.474,9.5,10.286,10.088,8.5,10.357,9.945,644.5,765.393,638.986,23.5,85.357,197.355,121.5,246.321,328.938,229.0,333.143,333.873,149.0,194.393,183.772,13.0,33.536,42.681,12.0,25.857,32.274,40.3,40.418,25.198,43.75,41.618,24.845,377.0,449.929,397.503,1092.0,1350.607,1443.702,18.5,25.893,30.354,16.0,18.179,18.923,2.5,8.286,15.094,10.5,18.464,19.519,5.5,10.964,12.691,417.0,504.357,437.474,11.0,14.393,12.694,8.0,13.393,14.771,1.0,1.464,1.835,9.0,21.821,28.161,40.5,52.179,45.202,12.0,16.893,18.829,10.0,15.179,15.22,49.4,45.225,25.07
Crystal Palace,27.2,27.185,3.135,30.0,24.048,10.632,19.0,18.238,12.872,1652.0,1633.048,1082.85,0.0,1.905,3.404,1.0,1.524,2.089,2.0,3.619,3.369,0.0,0.19,0.402,1.1,2.552,3.464,1.5,1.914,2.128,11.0,21.714,22.712,47.0,50.143,39.505,11.0,49.619,64.759,0.0,0.085,0.13,0.03,0.06,0.079,0.08,0.141,0.141,0.11,0.101,0.074,0.0,0.065,0.299,0.0,3.195,14.642,0.0,1.362,6.241,0.0,2.381,10.911,31.6,29.238,17.724,0.34,0.491,0.464,0.0,0.06,0.084,17.7,18.124,5.705,541.0,519.19,395.322,75.6,74.081,6.962,8735.0,9320.048,7646.461,84.5,84.29,6.462,81.1,79.824,10.532,46.7,49.957,18.587,9.0,16.143,16.227,27.0,38.714,32.311,4.0,11.952,12.749,1.0,3.048,4.376,27.0,37.667,35.417,2.0,2.207,1.503,3.0,3.619,3.427,0.15,0.173,0.166,21.0,33.143,29.935,14.0,19.619,18.893,23.0,28.333,22.051,15.0,14.143,9.906,19.0,21.048,18.018,3.0,6.143,6.909,13.0,14.905,12.891,11.0,14.238,14.484,871.0,888.333,626.868,30.0,110.667,217.52,181.0,330.524,366.737,377.0,369.238,273.537,146.0,197.095,188.125,18.0,34.429,36.306,12.0,21.286,29.93,40.0,39.886,24.81,44.6,45.686,27.665,430.0,444.762,315.462,1004.0,1094.476,800.981,11.0,21.714,22.712,10.0,15.381,14.116,1.0,5.238,7.509,16.0,21.667,21.048,13.0,14.667,14.371,533.0,514.429,354.963,12.0,18.048,16.197,19.0,17.952,15.867,1.0,3.19,4.915,11.0,26.905,32.743,64.0,72.905,54.036,17.0,22.381,22.366,19.0,28.19,25.862,43.6,41.114,18.506
Fulham,28.838,28.832,3.351,27.0,24.5,9.329,17.5,17.455,11.496,1620.5,1568.273,963.244,0.5,2.227,3.265,1.0,1.909,2.562,2.5,3.409,2.987,0.0,0.091,0.294,1.05,2.123,2.685,1.0,1.627,1.882,22.0,32.818,36.188,53.0,65.318,49.518,39.0,64.182,71.841,0.015,0.161,0.239,0.085,0.103,0.117,0.085,0.146,0.151,0.085,0.101,0.081,0.0,0.061,0.286,0.0,3.105,14.562,0.0,0.65,3.049,0.0,0.0,0.0,28.6,24.582,20.276,0.145,0.466,0.57,0.0,0.066,0.092,14.85,14.209,7.114,561.5,600.5,505.466,78.95,72.723,24.799,9158.0,10474.682,9278.001,88.5,80.314,26.784,79.65,76.277,26.225,55.75,53.782,21.674,9.5,15.727,17.414,39.5,48.182,42.46,6.0,12.909,19.275,1.0,4.227,7.322,26.5,35.864,33.585,1.995,2.228,1.725,3.0,4.0,4.375,0.17,0.217,0.206,21.5,26.773,24.144,12.0,16.182,15.136,16.5,22.227,21.666,8.5,10.955,11.713,12.0,13.455,11.338,2.0,3.409,4.171,10.0,10.045,8.638,6.5,11.136,13.562,911.0,889.909,693.591,21.5,95.5,234.343,131.0,284.273,367.023,343.0,365.182,320.371,201.0,250.273,237.662,25.5,36.545,39.667,17.5,24.955,27.84,41.9,36.75,23.131,39.65,34.082,18.475,521.0,523.227,424.746,1130.0,1423.545,1346.311,17.0,30.182,37.136,16.5,21.5,24.334,4.0,8.227,11.032,14.5,20.318,19.062,7.0,11.045,12.03,606.5,593.5,461.327,15.5,17.0,15.065,13.0,13.773,11.792,1.0,1.818,3.231,13.0,36.409,52.193,53.5,61.545,47.471,10.5,19.455,21.615,17.5,20.455,21.615,45.4,43.023,23.002
Manchester Utd,25.732,25.49,5.09,20.0,17.667,11.454,11.5,12.833,10.78,1071.0,1149.667,931.015,0.0,1.333,2.264,0.0,0.933,1.999,2.0,2.6,2.472,0.0,0.1,0.403,0.7,1.603,2.268,0.35,1.2,1.708,10.0,21.067,31.189,22.0,43.2,55.751,14.5,42.7,64.326,0.0,0.074,0.117,0.0,0.044,0.085,0.06,0.127,0.161,0.06,0.081,0.087,0.0,0.177,0.76,0.0,3.41,13.798,0.0,0.91,4.984,0.0,0.833,4.564,21.95,21.163,18.229,0.185,0.366,0.458,0.0,0.043,0.065,15.65,12.64,8.012,286.0,512.867,464.771,82.6,81.947,7.598,3685.5,8413.767,8136.407,90.9,90.26,4.878,86.55,84.873,8.864,54.85,57.907,18.436,6.0,12.2,17.307,18.0,33.933,39.778,5.0,9.933,14.694,1.0,2.2,2.929,14.5,28.267,35.942,1.83,2.165,1.441,0.5,2.2,3.916,0.015,0.117,0.207,13.0,25.1,27.823,8.5,15.133,17.011,10.0,22.033,24.512,5.0,9.933,12.225,8.0,11.6,11.181,1.0,3.267,4.785,6.0,8.333,8.668,5.0,11.467,12.722,517.0,756.267,662.117,22.5,79.2,182.869,126.5,265.833,314.014,206.0,319.6,307.21,78.0,177.867,219.138,17.0,29.033,37.528,5.5,19.5,25.457,42.2,42.91,30.875,49.1,42.09,29.39,310.0,461.833,401.044,744.5,1155.933,1107.436,10.0,21.067,31.189,9.5,14.8,18.163,1.0,7.0,15.252,9.5,15.7,17.765,4.5,11.067,13.801,385.0,508.0,438.912,9.0,12.533,11.667,7.0,11.3,11.567,0.5,2.067,3.162,6.0,19.033,35.196,31.5,53.1,51.335,8.5,14.633,15.979,10.0,15.167,17.605,49.3,46.663,22.748
Ipswich Town,26.712,26.912,3.155,18.5,18.2,9.015,11.5,12.833,9.685,984.5,1146.767,798.991,0.0,1.133,2.315,0.0,0.833,1.085,2.0,2.967,2.646,0.0,0.167,0.379,0.6,1.07,1.76,0.4,0.71,0.971,9.0,15.067,18.268,20.0,27.667,25.773,14.5,27.233,35.371,0.0,0.092,0.151,0.0,0.068,0.104,0.04,0.091,0.114,0.03,0.057,0.058,0.0,0.232,0.716,0.0,6.21,19.034,0.0,0.743,3.182,0.0,0.0,0.0,14.3,21.613,24.839,0.07,0.267,0.385,0.0,0.053,0.075,14.7,12.707,8.545,226.0,343.9,313.318,75.7,72.697,15.952,4256.5,6152.8,5653.773,87.0,84.33,17.536,84.4,79.147,18.459,48.65,43.62,19.548,4.0,8.1,11.171,18.0,26.033,29.04,3.5,4.767,6.05,0.0,1.4,2.836,13.0,18.867,21.304,1.29,1.462,1.259,1.0,1.867,2.08,0.11,0.141,0.161,11.5,17.933,16.903,8.0,10.267,9.649,10.5,18.233,17.13,6.0,9.567,9.598,8.0,13.067,14.166,2.0,5.733,9.645,5.5,7.333,7.676,5.0,9.333,9.604,438.5,572.733,474.719,28.0,93.233,134.218,127.5,237.133,255.04,163.0,225.9,216.609,96.5,116.1,124.333,10.0,17.167,21.627,7.0,18.4,27.237,39.65,31.563,23.048,41.45,31.15,21.9,224.0,281.7,226.838,597.5,770.233,634.224,8.0,14.633,18.472,6.5,9.867,11.15,1.0,4.267,7.697,11.0,16.367,21.204,4.0,10.3,14.508,255.0,339.267,287.383,8.5,13.133,14.936,7.5,11.933,11.985,0.0,1.467,2.788,6.0,14.7,28.886,39.5,43.533,36.518,7.0,16.667,22.798,14.5,16.667,18.28,50.0,50.053,28.041
Newcastle Utd,27.476,27.971,4.725,27.0,23.217,10.144,14.0,16.739,12.589,1503.0,1502.87,1050.911,0.0,2.783,5.187,1.0,2.087,2.843,2.0,2.609,3.026,0.0,0.043,0.209,0.5,2.635,4.437,0.9,1.883,2.277,14.0,29.826,33.44,59.0,63.174,62.65,22.0,62.696,71.586,0.0,0.161,0.258,0.04,0.103,0.127,0.12,0.143,0.162,0.08,0.097,0.09,0.0,0.11,0.363,0.0,6.122,20.283,0.0,3.391,11.715,0.0,2.174,10.426,25.0,21.543,17.065,0.3,0.383,0.408,0.0,0.077,0.105,14.6,14.278,5.687,479.0,616.87,528.14,81.8,79.713,6.827,6849.0,10418.652,9383.741,88.6,87.735,7.614,86.8,85.296,11.2,51.5,49.543,19.744,8.0,15.826,16.588,26.0,45.609,48.608,8.0,15.478,18.773,0.0,2.826,4.658,32.0,37.13,35.944,1.89,2.064,1.387,3.0,4.826,5.382,0.23,0.222,0.211,22.0,24.435,22.022,15.0,14.957,13.693,27.0,24.0,22.208,9.0,11.609,10.761,17.0,17.13,14.194,3.0,5.652,7.19,9.0,11.478,10.291,6.0,11.043,11.846,773.0,923.652,736.155,26.0,91.739,145.621,122.0,301.739,343.436,232.0,387.826,354.658,133.0,243.13,228.071,33.0,43.0,46.888,8.0,26.957,30.86,43.8,39.326,20.368,46.9,41.07,20.529,498.0,525.522,429.861,1519.0,1429.957,1147.037,14.0,29.826,33.44,14.0,18.435,17.451,4.0,10.739,15.915,11.0,19.13,17.675,8.0,17.957,20.319,567.0,612.304,506.4,9.0,15.826,16.943,11.0,18.217,24.096,2.0,3.087,4.316,10.0,27.522,39.355,49.0,66.522,58.238,7.0,19.304,29.007,14.0,18.435,19.7,50.0,49.522,24.045
Liverpool,26.457,27.223,3.69,28.0,25.19,8.925,20.0,18.333,11.922,1717.0,1643.095,977.499,1.0,3.81,6.493,2.0,2.857,3.991,3.0,3.048,2.269,0.0,0.095,0.301,1.7,3.676,5.514,1.2,2.676,3.185,24.0,35.667,36.516,71.0,83.952,68.4,54.0,83.048,111.008,0.04,0.165,0.232,0.16,0.139,0.132,0.07,0.184,0.207,0.11,0.13,0.109,0.0,0.101,0.322,0.0,6.619,20.914,0.0,3.619,11.448,0.0,4.762,21.822,29.6,26.995,17.967,0.35,0.484,0.435,0.06,0.065,0.07,14.3,13.276,6.681,681.0,807.143,634.177,83.8,82.943,7.546,11124.0,13712.952,11314.637,91.7,91.295,5.92,88.3,86.79,9.574,60.8,60.276,15.25,12.0,22.429,22.809,41.0,69.571,71.307,8.0,19.048,23.237,1.0,3.714,5.959,35.0,50.81,45.632,2.54,2.623,1.506,4.0,6.524,6.63,0.32,0.329,0.238,26.0,28.476,23.932,16.0,17.619,14.668,20.0,28.952,28.308,9.0,13.762,14.321,9.0,15.952,14.797,2.0,4.19,4.718,9.0,11.762,12.88,7.0,13.095,15.953,860.0,1139.429,817.565,32.0,102.333,159.903,187.0,314.619,329.937,307.0,513.476,469.266,218.0,321.238,285.082,44.0,57.381,73.488,19.0,29.286,35.422,48.0,52.19,23.5,43.2,36.4,20.021,550.0,655.0,456.142,1598.0,1773.381,1235.218,24.0,35.667,36.516,19.0,24.286,21.185,6.0,14.048,26.175,19.0,23.048,25.329,11.0,14.952,16.169,606.0,798.238,570.072,16.0,19.048,16.479,12.0,15.667,13.547,1.0,2.619,4.399,6.0,32.095,45.268,66.0,70.714,48.991,9.0,18.095,26.134,12.0,16.286,13.127,42.9,50.224,21.816
Aston Villa,27.645,27.15,4.036,20.5,19.429,10.333,9.5,13.75,11.661,1004.0,1235.357,943.183,1.0,1.893,3.292,0.0,1.5,2.396,2.0,2.429,2.251,0.0,0.071,0.262,0.8,1.954,2.973,0.45,1.432,2.008,16.5,23.786,23.66,34.0,44.179,48.199,21.0,43.75,51.996,0.035,0.17,0.281,0.0,0.085,0.114,0.08,0.193,0.247,0.05,0.091,0.104,0.0,0.12,0.449,0.0,4.368,16.108,0.0,4.2,19.067,0.0,1.786,9.449,24.05,24.921,22.932,0.155,0.428,0.675,0.02,0.064,0.08,15.95,14.386,7.31,402.5,486.821,431.976,81.95,78.696,16.903,5738.0,8358.286,8030.309,91.45,86.964,17.899,86.45,83.704,18.031,53.9,53.2,18.203,4.5,11.643,15.11,23.5,37.929,46.969,6.5,10.179,12.824,0.0,1.786,3.715,18.0,27.679,30.419,1.705,1.912,1.267,2.0,3.321,3.935,0.155,0.209,0.201,10.0,21.036,20.842,6.0,12.071,12.696,10.5,18.0,19.205,5.5,7.893,8.297,10.0,10.786,9.231,2.5,3.607,4.315,5.5,7.179,6.441,5.0,8.036,8.413,655.0,713.357,583.367,30.0,86.893,191.654,133.0,242.464,300.648,244.0,306.643,302.806,114.5,171.286,173.239,19.0,30.464,38.073,16.0,23.5,30.443,45.9,46.807,27.664,37.3,35.404,24.246,397.0,403.75,323.528,1086.5,1164.0,957.217,16.0,23.0,24.083,12.5,14.393,13.379,2.0,6.643,10.552,9.0,16.5,21.813,8.0,12.857,15.347,483.5,476.714,393.071,8.5,13.5,13.582,9.0,16.286,17.94,0.5,1.786,2.885,3.5,18.964,34.402,37.5,46.25,37.447,8.0,12.393,12.215,9.5,13.571,14.109,48.6,38.532,25.296
Wolves,26.865,27.687,3.994,26.0,22.783,8.924,15.0,16.652,10.907,1364.0,1495.217,875.622,1.0,2.174,3.939,1.0,1.696,2.225,2.0,3.217,2.746,0.0,0.087,0.288,0.8,1.761,2.48,0.9,1.4,1.779,12.0,23.565,27.79,31.0,45.913,41.098,28.0,45.261,47.762,0.07,0.122,0.167,0.04,0.1,0.13,0.08,0.111,0.117,0.07,0.08,0.076,0.0,0.178,0.602,0.0,5.37,17.791,0.0,1.126,5.401,0.0,1.448,6.944,27.8,27.93,18.468,0.23,0.35,0.402,0.06,0.09,0.116,17.4,16.478,7.501,484.0,563.565,411.401,80.4,77.843,8.718,9479.0,9615.913,6491.217,90.4,88.33,6.925,86.5,84.843,9.38,56.0,52.452,15.722,10.0,12.391,12.478,26.0,39.261,33.254,4.0,10.826,12.68,1.0,2.783,3.49,21.0,29.522,28.047,1.71,1.78,1.061,3.0,3.913,4.144,0.18,0.253,0.24,21.0,32.087,28.196,13.0,18.913,17.581,19.0,26.826,23.596,8.0,12.217,13.301,16.0,18.043,12.608,4.0,5.87,6.048,10.0,12.174,10.443,9.0,12.087,9.83,756.0,875.826,572.262,59.0,103.435,151.453,304.0,311.087,256.912,329.0,393.652,316.276,124.0,181.739,186.292,23.0,28.304,31.848,14.0,28.391,34.834,45.3,40.3,24.885,40.0,39.217,25.165,390.0,480.609,307.346,1038.0,1328.696,911.066,12.0,23.565,27.79,13.0,17.913,21.834,3.0,5.696,8.689,16.0,23.043,22.741,11.0,14.435,15.288,482.0,559.217,370.758,15.0,19.783,17.503,10.0,16.913,17.085,1.0,2.522,3.315,10.0,21.652,30.693,43.0,65.609,50.695,10.0,17.739,17.532,16.0,19.043,19.671,40.7,46.157,23.202
Nott'ham Forest,27.148,27.284,3.594,30.0,24.5,10.888,19.0,17.5,13.301,1804.0,1572.682,1104.925,1.0,2.409,4.159,1.0,1.773,2.487,3.0,3.727,3.239,0.0,0.091,0.294,1.4,1.923,2.605,1.1,1.409,1.432,13.0,26.182,33.952,35.0,45.955,43.848,18.5,45.591,58.061,0.065,0.117,0.158,0.055,0.09,0.105,0.07,0.11,0.131,0.065,0.085,0.085,0.0,0.055,0.256,0.0,3.377,15.841,0.0,1.686,7.91,0.0,0.0,0.0,29.95,33.223,28.161,0.265,0.413,0.41,0.055,0.071,0.08,17.8,16.068,8.621,390.0,437.273,351.403,75.15,70.236,17.817,5741.5,7494.682,6499.64,87.65,82.036,19.841,80.9,73.986,20.233,42.3,43.314,18.255,10.0,13.955,15.277,27.0,39.091,38.946,7.0,9.864,10.785,1.0,2.545,3.555,23.5,32.909,32.84,1.695,1.787,1.334,2.0,3.727,4.93,0.12,0.19,0.218,20.5,28.545,26.137,13.0,17.273,16.069,18.5,27.455,27.285,7.5,13.682,14.404,11.0,18.136,18.164,3.5,6.727,10.119,8.5,11.409,10.622,11.0,13.273,11.568,849.0,777.682,582.982,35.0,104.273,177.393,154.0,269.045,293.719,246.0,309.682,271.6,127.0,208.818,209.38,21.0,32.409,32.173,12.5,25.182,28.135,40.45,40.368,29.337,37.8,32.145,25.108,369.5,355.455,280.186,834.5,1091.682,1021.006,13.0,26.136,33.988,10.5,16.364,17.943,2.0,7.909,12.701,18.0,23.545,24.215,10.0,13.227,13.55,452.0,435.091,340.923,12.0,16.636,14.358,10.0,17.318,17.239,1.0,3.773,6.301,5.0,23.682,38.199,47.0,65.455,55.804,13.5,24.0,26.925,19.0,23.136,27.456,44.3,48.718,23.31
Tottenham,25.652,25.671,4.538,22.0,19.333,9.232,16.0,14.222,8.092,1300.0,1277.778,694.565,1.0,2.222,3.25,1.0,1.704,2.383,2.0,2.444,2.326,0.0,0.037,0.192,0.7,2.1,2.909,0.9,1.581,2.02,18.0,29.519,29.124,49.0,56.926,47.133,31.0,56.519,69.303,0.06,0.135,0.194,0.07,0.118,0.151,0.06,0.141,0.171,0.08,0.107,0.111,0.0,0.197,0.576,0.0,7.044,20.384,0.0,2.1,6.242,0.0,0.0,0.0,33.3,29.256,20.955,0.29,0.402,0.396,0.05,0.066,0.08,16.7,14.585,7.098,703.0,581.111,373.353,84.8,80.47,8.376,10567.0,9644.852,6442.943,91.0,89.211,6.898,89.8,84.441,11.116,55.6,54.43,14.818,7.0,13.519,17.69,39.0,45.111,39.49,8.0,13.37,16.639,1.0,3.037,5.118,18.0,31.37,36.518,1.57,1.955,1.513,2.0,3.815,4.6,0.19,0.25,0.248,14.0,22.852,20.777,9.0,14.481,14.001,14.0,20.667,17.761,9.0,10.259,8.601,15.0,15.148,12.25,5.0,5.259,5.23,9.0,9.889,9.329,10.0,10.778,10.825,892.0,847.926,515.954,60.0,86.333,119.403,228.0,275.185,231.305,393.0,358.704,259.824,168.0,222.333,227.991,24.0,35.889,42.508,19.0,28.519,29.708,41.4,42.659,26.384,48.3,41.048,25.09,588.0,528.148,309.813,1526.0,1462.741,859.131,18.0,29.519,29.124,18.0,19.852,17.056,4.0,8.704,12.006,16.0,18.407,18.211,11.0,14.741,16.386,629.0,576.407,339.168,10.0,15.074,13.22,11.0,16.963,15.298,1.0,2.185,3.187,13.0,26.852,42.577,59.0,57.667,41.017,9.0,14.63,14.08,11.0,14.926,14.166,51.4,51.07,23.392
Chelsea,24.323,24.215,2.377,18.0,19.692,11.263,11.5,14.808,11.792,1046.5,1329.5,1029.045,1.0,2.269,3.65,1.0,1.731,2.255,2.5,3.692,3.197,0.0,0.038,0.196,0.75,2.565,4.21,1.05,1.965,2.476,11.0,31.192,41.099,34.5,57.538,63.003,11.5,56.808,76.257,0.05,0.145,0.205,0.065,0.132,0.184,0.08,0.156,0.178,0.095,0.154,0.17,0.0,0.1,0.358,0.0,5.681,20.08,0.0,1.704,6.213,0.0,0.769,3.922,21.9,23.231,23.012,0.25,0.437,0.498,0.055,0.063,0.079,13.65,12.446,7.449,399.5,616.654,609.42,83.75,77.115,23.527,6242.5,10686.654,10910.716,91.4,83.788,25.295,89.55,81.308,24.971,57.0,52.454,23.564,6.5,16.615,21.991,26.0,51.577,59.973,4.0,12.615,17.249,0.0,2.731,5.489,15.0,38.423,48.141,1.72,2.248,1.751,2.0,3.962,4.771,0.185,0.241,0.247,11.0,20.077,24.336,8.5,12.615,15.041,11.0,18.692,23.051,5.5,9.462,12.255,9.0,12.308,14.105,1.0,3.615,5.693,5.5,8.692,10.244,6.5,9.5,11.694,721.5,861.923,798.229,19.5,81.731,180.588,105.5,255.462,341.398,260.5,386.231,425.191,92.5,227.654,261.889,11.5,40.346,52.362,13.0,27.577,34.203,39.8,37.646,22.822,39.55,35.588,24.754,405.5,499.885,440.239,1016.0,1443.192,1246.529,11.0,30.808,41.374,9.5,17.154,19.458,1.0,11.538,21.713,6.0,16.192,20.008,5.5,10.577,12.209,494.5,613.385,561.655,7.0,15.077,16.439,10.5,15.615,17.109,1.0,2.346,4.63,3.0,23.577,40.662,38.0,54.346,52.786,8.5,13.192,16.833,6.5,13.346,15.001,35.9,39.723,28.842
Brentford,24.849,26.21,3.914,28.0,23.524,11.383,21.0,18.333,13.298,1913.0,1638.095,1122.036,0.0,2.905,5.54,2.0,1.952,2.439,2.0,2.524,1.887,0.0,0.048,0.218,0.8,2.61,4.197,1.2,1.895,2.231,12.0,25.857,32.376,52.0,58.286,54.494,27.0,57.571,77.18,0.0,0.116,0.195,0.09,0.099,0.104,0.06,0.121,0.161,0.08,0.104,0.089,0.0,0.132,0.419,0.0,5.862,18.871,0.0,5.6,21.967,0.0,0.0,0.0,31.3,26.476,19.797,0.17,0.315,0.382,0.0,0.067,0.085,14.7,13.657,6.96,489.0,582.238,445.785,77.3,76.69,7.844,7626.0,10679.143,9438.228,87.7,86.795,7.669,79.9,82.286,9.731,55.0,54.843,13.493,9.0,14.524,17.537,42.0,48.095,40.919,7.0,14.0,18.7,2.0,3.905,5.272,21.0,34.095,35.689,1.72,1.875,1.158,2.0,5.0,5.822,0.2,0.279,0.272,25.0,27.524,22.234,17.0,16.524,12.89,26.0,25.476,20.602,11.0,11.857,10.518,17.0,21.19,19.307,4.0,8.714,12.943,13.0,12.476,10.386,8.0,12.762,12.3,804.0,937.048,669.689,52.0,145.571,290.909,232.0,366.476,421.081,348.0,349.048,279.644,160.0,230.048,234.921,24.0,43.0,47.191,13.0,27.333,33.911,46.2,44.119,23.892,41.7,38.086,20.116,410.0,493.667,361.554,1204.0,1371.571,1143.643,12.0,25.857,32.376,11.0,15.952,18.816,1.0,9.19,17.532,14.0,23.286,26.448,8.0,12.571,13.545,497.0,573.524,410.868,12.0,13.333,10.823,10.0,15.048,14.579,1.0,2.952,4.477,14.0,29.524,45.985,50.0,71.0,55.451,12.0,27.524,31.921,14.0,23.952,23.961,55.5,54.886,19.61
Arsenal,26.889,26.509,3.823,23.5,23.273,8.066,16.5,17.5,10.396,1478.5,1564.455,902.976,2.0,2.818,2.805,1.5,2.318,2.75,2.5,2.909,1.974,0.0,0.227,0.528,1.65,2.564,2.641,0.9,1.932,2.188,23.0,35.318,32.697,56.5,77.0,62.443,52.0,75.955,77.488,0.105,0.163,0.164,0.105,0.137,0.15,0.1,0.153,0.142,0.09,0.12,0.117,0.0,0.04,0.19,0.0,3.368,15.798,0.0,1.559,7.313,0.0,0.0,0.0,30.65,26.595,17.326,0.22,0.409,0.41,0.13,0.131,0.13,14.65,13.977,5.767,468.5,717.682,560.335,82.95,82.323,6.266,7398.0,11757.955,9938.891,91.75,90.886,4.675,86.3,84.955,7.859,53.35,55.318,9.762,10.0,17.5,17.781,40.5,58.091,52.919,9.0,18.273,18.494,1.5,3.0,3.625,25.0,39.864,34.143,2.24,2.45,1.404,3.0,5.0,5.598,0.24,0.292,0.299,19.5,24.636,20.726,12.0,14.682,12.635,21.0,21.364,14.857,11.0,10.636,7.575,10.0,13.682,11.167,1.5,4.409,6.836,7.5,9.273,7.887,6.0,9.636,8.867,771.5,1008.955,673.684,25.0,75.818,170.013,125.0,254.455,337.026,296.0,439.0,390.887,225.0,323.091,237.024,38.5,53.773,50.361,23.5,30.591,29.146,44.65,49.268,22.443,36.4,37.405,18.057,427.0,593.273,410.16,1358.0,1677.636,1143.704,23.0,35.318,32.697,19.5,21.955,18.368,4.5,12.136,15.459,15.5,20.136,15.944,13.5,15.864,13.524,552.0,710.864,492.202,14.0,16.955,11.274,17.0,17.045,12.404,2.0,3.545,3.687,11.0,32.182,42.69,49.5,59.682,41.368,10.5,19.909,19.787,15.5,19.364,17.646,51.15,47.827,19.015
